Słowo kluczowe;Śr. mies. liczba wyszukiwań;CPC (PLN);Liczba słów kluczowych;Dodano;Sezonowość styczeń;Sezonowość luty;Sezonowość marzec;Sezonowość kwiecień;Sezonowość maj;Sezonowość czerwiec;Sezonowość lipiec;Sezonowość sierpień;Sezonowość wrzesień;Sezonowość październik;Sezonowość listopad;Sezonowość grudzień;Liczba wariacji;Wariacje
automatyzacja ai;480;8.4;2;2025-03-30;390;390;390;390;480;590;480;590;590;590;720;590;0
automatyzacja obsługi klienta;110;13.64;3;2021-03-11;70;40;50;170;140;140;50;90;110;170;210;210;0
wdrożenie ai w firmie;90;19.0;4;2025-03-13;50;50;90;90;90;90;70;140;170;140;110;110;0
automatyzacja ai dla firm;70;16.47;4;2026-07-30;20;20;20;40;50;50;70;40;110;70;140;210;0
automatyzacje ai dla firm;30;22.91;4;2026-06-01;0;0;0;0;0;0;0;0;70;90;90;90;0
automatyzacja ai praca;30;2.82;3;2026-06-01;20;30;30;20;10;30;30;30;50;10;40;40;0
automatyzacja ai kurs;20;5.26;3;2026-06-01;0;0;20;20;10;20;20;10;30;20;20;30;0
co jest najtrudniejszym elementem wdrożenia ai w firmie;20;0.0;8;2026-01-22;0;0;0;0;0;0;0;0;0;210;0;10;0
automatyzacja procesów ai;20;15.94;3;2026-09-01;10;30;30;40;10;20;20;20;30;20;30;20;0
ai automatyzacja praca;10;1.71;3;2026-05-28;0;0;0;0;0;0;0;0;0;10;20;10;0
automatyzacja dla firm;0;0.0;2;2022-04-22;-1;-1;-1;-1;-1;-1;-1;-1;-1;-1;-1;-1;0
