Najpopularniejsze strony,Kliknięcia,Wyświetlenia,CTR,Pozycja
https://www.zautomatyzujemy.pl/,6,41,14.63%,24.9
https://www.zautomatyzujemy.pl/ai-act-checklist,0,4,0%,56.5
https://www.zautomatyzujemy.pl/case-studies/oszczednosc-czasu-fintech,0,4,0%,92.5
https://www.zautomatyzujemy.pl/blog/nowosci-ai-2026-08-17,0,2,0%,6
https://www.zautomatyzujemy.pl/blog/nowosci-ai-2026-08-24,0,2,0%,6
https://www.zautomatyzujemy.pl/blog/forteca-firmy-ai-cyberbezpieczenstwo-msp,0,2,0%,9
https://www.zautomatyzujemy.pl/blog/nowosci-ai-2026-05-04,0,1,0%,5
https://www.zautomatyzujemy.pl/blog/nowosci-ai-2026-08-10,0,1,0%,6
https://www.zautomatyzujemy.pl/blog/ai-w-zarzadzaniu-projektami-msp-kontrola-wyniki,0,1,0%,9
https://www.zautomatyzujemy.pl/case-studies/zadowolenie-klientow-saas,0,1,0%,9